video,scenario,metric,color_space,window,precision,recall,f1,tp,fp,fn,tn,threshold
hand-shake\hand-shake.mp4,hand-shake,HISTCMP_CORREL,GRAY,1,0.8,0.36363636363636365,0.5,4,1,7,38,0.0007846751491529247
hand-shake\hand-shake.mp4,hand-shake,HISTCMP_CORREL,GRAY,3,0.5882352941176471,0.9090909090909091,0.7142857142857143,10,7,1,32,0.00013372631595476303
hand-shake\hand-shake.mp4,hand-shake,HISTCMP_CORREL,GRAY,5,0.6923076923076923,0.8181818181818182,0.75,9,4,2,35,0.00013372631595476303
hand-shake\hand-shake.mp4,hand-shake,HISTCMP_CORREL,HSV,1,0.4,0.5454545454545454,0.46153846153846156,6,9,5,30,0.0006881717307344326
hand-shake\hand-shake.mp4,hand-shake,HISTCMP_CORREL,HSV,3,0.6666666666666666,0.5454545454545454,0.6,6,3,5,36,0.00029746047397416486
hand-shake\hand-shake.mp4,hand-shake,HISTCMP_CORREL,HSV,5,1.0,0.36363636363636365,0.5333333333333333,4,0,7,39,0.00029746047397416486
hand-shake\hand-shake.mp4,hand-shake,HISTCMP_CORREL,RGB,1,0.36363636363636365,0.7272727272727273,0.48484848484848486,8,14,3,25,0.0003970216078281741
hand-shake\hand-shake.mp4,hand-shake,HISTCMP_CORREL,RGB,3,0.75,0.5454545454545454,0.631578947368421,6,2,5,37,0.0003970216078281741
hand-shake\hand-shake.mp4,hand-shake,HISTCMP_CORREL,RGB,5,0.5,0.6363636363636364,0.56,7,7,4,32,5.9781642338330165e-05
hand-shake\hand-shake.mp4,hand-shake,HISTCMP_CHISQR,GRAY,1,0.47058823529411764,0.7272727272727273,0.5714285714285714,8,9,3,30,0.05467797545130447
hand-shake\hand-shake.mp4,hand-shake,HISTCMP_CHISQR,GRAY,3,0.8,0.36363636363636365,0.5,4,1,7,38,0.05467797545130447
hand-shake\hand-shake.mp4,hand-shake,HISTCMP_CHISQR,GRAY,5,0.4,0.5454545454545454,0.46153846153846156,6,9,5,30,0.00638818968474761
hand-shake\hand-shake.mp4,hand-shake,HISTCMP_CHISQR,HSV,1,0.4666666666666667,0.6363636363636364,0.5384615384615384,7,8,4,31,0.29835966131496106
hand-shake\hand-shake.mp4,hand-shake,HISTCMP_CHISQR,HSV,3,0.4444444444444444,0.7272727272727273,0.5517241379310345,8,10,3,29,0.03586207121961294
hand-shake\hand-shake.mp4,hand-shake,HISTCMP_CHISQR,HSV,5,0.75,0.5454545454545454,0.631578947368421,6,2,5,37,0.03586207121961294
hand-shake\hand-shake.mp4,hand-shake,HISTCMP_CHISQR,RGB,1,0.38095238095238093,0.7272727272727273,0.5,8,13,3,26,0.15195413028853147
hand-shake\hand-shake.mp4,hand-shake,HISTCMP_CHISQR,RGB,3,0.5714285714285714,0.7272727272727273,0.64,8,6,3,33,0.04454741425731061
hand-shake\hand-shake.mp4,hand-shake,HISTCMP_CHISQR,RGB,5,1.0,0.5454545454545454,0.7058823529411765,6,0,5,39,0.04454741425731061
hand-shake\hand-shake.mp4,hand-shake,HISTCMP_BHATTACHARYYA,GRAY,1,0.36363636363636365,0.7272727272727273,0.48484848484848486,8,14,3,25,0.04205804910700161
hand-shake\hand-shake.mp4,hand-shake,HISTCMP_BHATTACHARYYA,GRAY,3,0.8,0.36363636363636365,0.5,4,1,7,38,0.04205804910700161
hand-shake\hand-shake.mp4,hand-shake,HISTCMP_BHATTACHARYYA,GRAY,5,0.4,0.5454545454545454,0.46153846153846156,6,9,5,30,0.02352536049507903
hand-shake\hand-shake.mp4,hand-shake,HISTCMP_BHATTACHARYYA,HSV,1,0.3225806451612903,0.9090909090909091,0.47619047619047616,10,21,1,18,0.05976139055541418
hand-shake\hand-shake.mp4,hand-shake,HISTCMP_BHATTACHARYYA,HSV,3,0.5714285714285714,0.7272727272727273,0.64,8,6,3,33,0.05976139055541418
hand-shake\hand-shake.mp4,hand-shake,HISTCMP_BHATTACHARYYA,HSV,5,1.0,0.5454545454545454,0.7058823529411765,6,0,5,39,0.05976139055541418
hand-shake\hand-shake.mp4,hand-shake,HISTCMP_BHATTACHARYYA,RGB,1,0.38095238095238093,0.7272727272727273,0.5,8,13,3,26,0.05828934681287279
hand-shake\hand-shake.mp4,hand-shake,HISTCMP_BHATTACHARYYA,RGB,3,0.5714285714285714,0.7272727272727273,0.64,8,6,3,33,0.030869643591925868
hand-shake\hand-shake.mp4,hand-shake,HISTCMP_BHATTACHARYYA,RGB,5,1.0,0.5454545454545454,0.7058823529411765,6,0,5,39,0.030869643591925868
hand-shake\hand-shake.mp4,hand-shake,HISTCMP_INTERSECT,GRAY,1,0.7142857142857143,0.45454545454545453,0.5555555555555556,5,2,6,37,-0.6870266098121647
hand-shake\hand-shake.mp4,hand-shake,HISTCMP_INTERSECT,GRAY,3,0.5,0.7272727272727273,0.5925925925925926,8,8,3,31,-0.7291765744703298
hand-shake\hand-shake.mp4,hand-shake,HISTCMP_INTERSECT,GRAY,5,0.6,0.5454545454545454,0.5714285714285714,6,4,5,35,-0.7291765744703298
hand-shake\hand-shake.mp4,hand-shake,HISTCMP_INTERSECT,HSV,1,0.4166666666666667,0.45454545454545453,0.43478260869565216,5,7,6,32,-0.6127010758500546
hand-shake\hand-shake.mp4,hand-shake,HISTCMP_INTERSECT,HSV,3,0.75,0.2727272727272727,0.4,3,1,8,38,-0.6127010758500546
hand-shake\hand-shake.mp4,hand-shake,HISTCMP_INTERSECT,HSV,5,0.2391304347826087,1.0,0.38596491228070173,11,35,0,4,-0.7946005706053256
hand-shake\hand-shake.mp4,hand-shake,HISTCMP_INTERSECT,RGB,1,0.275,1.0,0.43137254901960786,11,29,0,10,-3.961920681373158
hand-shake\hand-shake.mp4,hand-shake,HISTCMP_INTERSECT,RGB,3,0.35,0.6363636363636364,0.45161290322580644,7,13,4,26,-3.9445368972592405
hand-shake\hand-shake.mp4,hand-shake,HISTCMP_INTERSECT,RGB,5,0.4166666666666667,0.45454545454545453,0.43478260869565216,5,7,6,32,-3.9445368972592405
ios-autofocus\ios-autofocus.mp4,ios-autofocus,HISTCMP_CORREL,GRAY,1,0.23404255319148937,1.0,0.3793103448275862,11,36,0,3,3.411788135820881e-05
ios-autofocus\ios-autofocus.mp4,ios-autofocus,HISTCMP_CORREL,GRAY,3,0.2682926829268293,1.0,0.4230769230769231,11,30,0,9,3.411788135820881e-05
ios-autofocus\ios-autofocus.mp4,ios-autofocus,HISTCMP_CORREL,GRAY,5,0.3142857142857143,1.0,0.4782608695652174,11,24,0,15,3.411788135820881e-05
ios-autofocus\ios-autofocus.mp4,ios-autofocus,HISTCMP_CORREL,HSV,1,0.3,0.8181818181818182,0.43902439024390244,9,21,2,18,8.696787296902375e-05
ios-autofocus\ios-autofocus.mp4,ios-autofocus,HISTCMP_CORREL,HSV,3,0.4666666666666667,0.6363636363636364,0.5384615384615384,7,8,4,31,8.696787296902375e-05
ios-autofocus\ios-autofocus.mp4,ios-autofocus,HISTCMP_CORREL,HSV,5,0.7142857142857143,0.45454545454545453,0.5555555555555556,5,2,6,37,8.696787296902375e-05
ios-autofocus\ios-autofocus.mp4,ios-autofocus,HISTCMP_CORREL,RGB,1,0.3181818181818182,0.6363636363636364,0.42424242424242425,7,15,4,24,0.10497997384583546
ios-autofocus\ios-autofocus.mp4,ios-autofocus,HISTCMP_CORREL,RGB,3,0.34615384615384615,0.8181818181818182,0.4864864864864865,9,17,2,22,0.0033993491585043722
ios-autofocus\ios-autofocus.mp4,ios-autofocus,HISTCMP_CORREL,RGB,5,0.5,0.8181818181818182,0.6206896551724138,9,9,2,30,0.0033993491585043722
ios-autofocus\ios-autofocus.mp4,ios-autofocus,HISTCMP_CHISQR,GRAY,1,0.23404255319148937,1.0,0.3793103448275862,11,36,0,3,0.008898928331718061
ios-autofocus\ios-autofocus.mp4,ios-autofocus,HISTCMP_CHISQR,GRAY,3,0.2682926829268293,1.0,0.4230769230769231,11,30,0,9,0.008898928331718061
ios-autofocus\ios-autofocus.mp4,ios-autofocus,HISTCMP_CHISQR,GRAY,5,0.3142857142857143,1.0,0.4782608695652174,11,24,0,15,0.008898928331718061
ios-autofocus\ios-autofocus.mp4,ios-autofocus,HISTCMP_CHISQR,HSV,1,0.24444444444444444,1.0,0.39285714285714285,11,34,0,5,0.0008928595691960827
ios-autofocus\ios-autofocus.mp4,ios-autofocus,HISTCMP_CHISQR,HSV,3,0.2972972972972973,1.0,0.4583333333333333,11,26,0,13,0.0008928595691960827
ios-autofocus\ios-autofocus.mp4,ios-autofocus,HISTCMP_CHISQR,HSV,5,0.3793103448275862,1.0,0.55,11,18,0,21,0.0008928595691960827
ios-autofocus\ios-autofocus.mp4,ios-autofocus,HISTCMP_CHISQR,RGB,1,0.25,1.0,0.4,11,33,0,6,0.552296724098103
ios-autofocus\ios-autofocus.mp4,ios-autofocus,HISTCMP_CHISQR,RGB,3,0.2894736842105263,1.0,0.4489795918367347,11,27,0,12,0.552296724098103
ios-autofocus\ios-autofocus.mp4,ios-autofocus,HISTCMP_CHISQR,RGB,5,0.375,0.8181818181818182,0.5142857142857142,9,15,2,24,0.6612396132214727
ios-autofocus\ios-autofocus.mp4,ios-autofocus,HISTCMP_BHATTACHARYYA,GRAY,1,0.23404255319148937,1.0,0.3793103448275862,11,36,0,3,0.030153476346016596
ios-autofocus\ios-autofocus.mp4,ios-autofocus,HISTCMP_BHATTACHARYYA,GRAY,3,0.2682926829268293,1.0,0.4230769230769231,11,30,0,9,0.030153476346016596
ios-autofocus\ios-autofocus.mp4,ios-autofocus,HISTCMP_BHATTACHARYYA,GRAY,5,0.3142857142857143,1.0,0.4782608695652174,11,24,0,15,0.030153476346016596
ios-autofocus\ios-autofocus.mp4,ios-autofocus,HISTCMP_BHATTACHARYYA,HSV,1,0.24444444444444444,1.0,0.39285714285714285,11,34,0,5,0.012077532033423787
ios-autofocus\ios-autofocus.mp4,ios-autofocus,HISTCMP_BHATTACHARYYA,HSV,3,0.2972972972972973,1.0,0.4583333333333333,11,26,0,13,0.012077532033423787
ios-autofocus\ios-autofocus.mp4,ios-autofocus,HISTCMP_BHATTACHARYYA,HSV,5,0.3793103448275862,1.0,0.55,11,18,0,21,0.012077532033423787
ios-autofocus\ios-autofocus.mp4,ios-autofocus,HISTCMP_BHATTACHARYYA,RGB,1,0.3181818181818182,0.6363636363636364,0.42424242424242425,7,15,4,24,0.29494695217134964
ios-autofocus\ios-autofocus.mp4,ios-autofocus,HISTCMP_BHATTACHARYYA,RGB,3,0.2894736842105263,1.0,0.4489795918367347,11,27,0,12,0.09593809590174872
ios-autofocus\ios-autofocus.mp4,ios-autofocus,HISTCMP_BHATTACHARYYA,RGB,5,0.4090909090909091,0.8181818181818182,0.5454545454545454,9,13,2,26,0.1080267372449952
ios-autofocus\ios-autofocus.mp4,ios-autofocus,HISTCMP_INTERSECT,GRAY,1,0.22916666666666666,1.0,0.3728813559322034,11,37,0,2,-0.72079204257534
ios-autofocus\ios-autofocus.mp4,ios-autofocus,HISTCMP_INTERSECT,GRAY,3,0.2619047619047619,1.0,0.41509433962264153,11,31,0,8,-0.72079204257534
ios-autofocus\ios-autofocus.mp4,ios-autofocus,HISTCMP_INTERSECT,GRAY,5,0.3055555555555556,1.0,0.46808510638297873,11,25,0,14,-0.72079204257534
ios-autofocus\ios-autofocus.mp4,ios-autofocus,HISTCMP_INTERSECT,HSV,1,0.35,0.6363636363636364,0.45161290322580644,7,13,4,26,-0.6148442904741387
ios-autofocus\ios-autofocus.mp4,ios-autofocus,HISTCMP_INTERSECT,HSV,3,0.4117647058823529,0.6363636363636364,0.5,7,10,4,29,-0.6333847191635869
ios-autofocus\ios-autofocus.mp4,ios-autofocus,HISTCMP_INTERSECT,HSV,5,0.2972972972972973,1.0,0.4583333333333333,11,26,0,13,-0.6615378030692227
ios-autofocus\ios-autofocus.mp4,ios-autofocus,HISTCMP_INTERSECT,RGB,1,0.2916666666666667,0.6363636363636364,0.4,7,17,4,22,-3.077273480128497
ios-autofocus\ios-autofocus.mp4,ios-autofocus,HISTCMP_INTERSECT,RGB,3,0.275,1.0,0.43137254901960786,11,29,0,10,-3.9081657663136866
ios-autofocus\ios-autofocus.mp4,ios-autofocus,HISTCMP_INTERSECT,RGB,5,0.5384615384615384,0.6363636363636364,0.5833333333333334,7,6,4,33,-3.6130580671378993
lighting\lighting.mp4,lighting,HISTCMP_CORREL,GRAY,1,0.36363636363636365,0.7272727272727273,0.48484848484848486,8,14,3,25,0.20101799294047107
lighting\lighting.mp4,lighting,HISTCMP_CORREL,GRAY,3,0.8333333333333334,0.45454545454545453,0.5882352941176471,5,1,6,38,0.20101799294047107
lighting\lighting.mp4,lighting,HISTCMP_CORREL,GRAY,5,0.6875,1.0,0.8148148148148148,11,5,0,34,0.0038607949208611103
lighting\lighting.mp4,lighting,HISTCMP_CORREL,HSV,1,0.2857142857142857,0.9090909090909091,0.43478260869565216,10,25,1,14,6.709530109838546e-06
lighting\lighting.mp4,lighting,HISTCMP_CORREL,HSV,3,0.5714285714285714,0.7272727272727273,0.64,8,6,3,33,6.709530109838546e-06
lighting\lighting.mp4,lighting,HISTCMP_CORREL,HSV,5,0.44,1.0,0.6111111111111112,11,14,0,25,1.998398540536961e-06
lighting\lighting.mp4,lighting,HISTCMP_CORREL,RGB,1,0.38461538461538464,0.45454545454545453,0.4166666666666667,5,8,6,31,0.11987974011054214
lighting\lighting.mp4,lighting,HISTCMP_CORREL,RGB,3,0.28,0.6363636363636364,0.3888888888888889,7,18,4,21,0.0012274838289472179
lighting\lighting.mp4,lighting,HISTCMP_CORREL,RGB,5,0.3684210526315789,0.6363636363636364,0.4666666666666667,7,12,4,27,0.0012274838289472179
lighting\lighting.mp4,lighting,HISTCMP_CHISQR,GRAY,1,0.2903225806451613,0.8181818181818182,0.42857142857142855,9,22,2,17,10.3751017706512
lighting\lighting.mp4,lighting,HISTCMP_CHISQR,GRAY,3,0.37037037037037035,0.9090909090909091,0.5263157894736842,10,17,1,22,4.798576690974064
lighting\lighting.mp4,lighting,HISTCMP_CHISQR,GRAY,5,0.625,0.9090909090909091,0.7407407407407407,10,6,1,33,4.798576690974064
lighting\lighting.mp4,lighting,HISTCMP_CHISQR,HSV,1,0.2777777777777778,0.9090909090909091,0.425531914893617,10,26,1,13,0.003391485428599868
lighting\lighting.mp4,lighting,HISTCMP_CHISQR,HSV,3,0.47058823529411764,0.7272727272727273,0.5714285714285714,8,9,3,30,0.003391485428599868
lighting\lighting.mp4,lighting,HISTCMP_CHISQR,HSV,5,0.8333333333333334,0.45454545454545453,0.5882352941176471,5,1,6,38,0.003391485428599868
lighting\lighting.mp4,lighting,HISTCMP_CHISQR,RGB,1,0.38461538461538464,0.45454545454545453,0.4166666666666667,5,8,6,31,13.9354838083666
lighting\lighting.mp4,lighting,HISTCMP_CHISQR,RGB,3,0.3888888888888889,0.6363636363636364,0.4827586206896552,7,11,4,28,1.1550874467347914
lighting\lighting.mp4,lighting,HISTCMP_CHISQR,RGB,5,0.7,0.6363636363636364,0.6666666666666666,7,3,4,36,1.1550874467347914
lighting\lighting.mp4,lighting,HISTCMP_BHATTACHARYYA,GRAY,1,0.3076923076923077,0.7272727272727273,0.43243243243243246,8,18,3,21,0.456525371248073
lighting\lighting.mp4,lighting,HISTCMP_BHATTACHARYYA,GRAY,3,0.7142857142857143,0.45454545454545453,0.5555555555555556,5,2,6,37,0.456525371248073
lighting\lighting.mp4,lighting,HISTCMP_BHATTACHARYYA,GRAY,5,0.7142857142857143,0.9090909090909091,0.8,10,4,1,35,0.34744149579978184
lighting\lighting.mp4,lighting,HISTCMP_BHATTACHARYYA,HSV,1,0.30303030303030304,0.9090909090909091,0.45454545454545453,10,23,1,16,0.02391591342701695
lighting\lighting.mp4,lighting,HISTCMP_BHATTACHARYYA,HSV,3,0.6153846153846154,0.7272727272727273,0.6666666666666666,8,5,3,34,0.02391591342701695
lighting\lighting.mp4,lighting,HISTCMP_BHATTACHARYYA,HSV,5,0.7692307692307693,0.9090909090909091,0.8333333333333334,10,3,1,36,0.01717793927916944
lighting\lighting.mp4,lighting,HISTCMP_BHATTACHARYYA,RGB,1,0.3333333333333333,0.45454545454545453,0.38461538461538464,5,10,6,29,0.3186759189755262
lighting\lighting.mp4,lighting,HISTCMP_BHATTACHARYYA,RGB,3,0.3333333333333333,0.6363636363636364,0.4375,7,14,4,25,0.10380610859051895
lighting\lighting.mp4,lighting,HISTCMP_BHATTACHARYYA,RGB,5,0.4666666666666667,0.6363636363636364,0.5384615384615384,7,8,4,31,0.10380610859051895
lighting\lighting.mp4,lighting,HISTCMP_INTERSECT,GRAY,1,0.2558139534883721,1.0,0.4074074074074074,11,32,0,7,-0.6315457837481517
lighting\lighting.mp4,lighting,HISTCMP_INTERSECT,GRAY,3,0.6666666666666666,0.5454545454545454,0.6,6,3,5,36,-0.16642625688837143
lighting\lighting.mp4,lighting,HISTCMP_INTERSECT,GRAY,5,0.6470588235294118,1.0,0.7857142857142857,11,6,0,33,-0.6315457837481517
lighting\lighting.mp4,lighting,HISTCMP_INTERSECT,HSV,1,0.5,0.5454545454545454,0.5217391304347826,6,6,5,33,-0.5670116084365873
lighting\lighting.mp4,lighting,HISTCMP_INTERSECT,HSV,3,1.0,0.36363636363636365,0.5333333333333333,4,0,7,39,-0.5670116084365873
lighting\lighting.mp4,lighting,HISTCMP_INTERSECT,HSV,5,0.2391304347826087,1.0,0.38596491228070173,11,35,0,4,-0.7002843481313903
lighting\lighting.mp4,lighting,HISTCMP_INTERSECT,RGB,1,0.22,1.0,0.36065573770491804,11,39,0,0,-3.976126121404377
lighting\lighting.mp4,lighting,HISTCMP_INTERSECT,RGB,3,0.23809523809523808,0.9090909090909091,0.37735849056603776,10,32,1,7,-3.951082482628408
lighting\lighting.mp4,lighting,HISTCMP_INTERSECT,RGB,5,0.2777777777777778,0.9090909090909091,0.425531914893617,10,26,1,13,-3.951082482628408
normal-change\normal-change.mp4,normal-change,HISTCMP_CORREL,GRAY,1,0.3235294117647059,1.0,0.4888888888888889,11,23,0,16,1.6907035349511546e-07
normal-change\normal-change.mp4,normal-change,HISTCMP_CORREL,GRAY,3,0.6111111111111112,1.0,0.7586206896551724,11,7,0,32,1.6907035349511546e-07
normal-change\normal-change.mp4,normal-change,HISTCMP_CORREL,GRAY,5,0.8461538461538461,1.0,0.9166666666666666,11,2,0,37,1.6907035349511546e-07
normal-change\normal-change.mp4,normal-change,HISTCMP_CORREL,HSV,1,0.45454545454545453,0.9090909090909091,0.6060606060606061,10,12,1,27,1.018028676580407e-06
normal-change\normal-change.mp4,normal-change,HISTCMP_CORREL,HSV,3,0.8,0.7272727272727273,0.7619047619047619,8,2,3,37,1.018028676580407e-06
normal-change\normal-change.mp4,normal-change,HISTCMP_CORREL,HSV,5,1.0,0.5454545454545454,0.7058823529411765,6,0,5,39,1.018028676580407e-06
normal-change\normal-change.mp4,normal-change,HISTCMP_CORREL,RGB,1,0.4117647058823529,0.6363636363636364,0.5,7,10,4,29,7.099203436222723e-07
normal-change\normal-change.mp4,normal-change,HISTCMP_CORREL,RGB,3,0.5714285714285714,0.7272727272727273,0.64,8,6,3,33,4.741773050875864e-07
normal-change\normal-change.mp4,normal-change,HISTCMP_CORREL,RGB,5,0.6875,1.0,0.8148148148148148,11,5,0,34,3.757269575466182e-07
normal-change\normal-change.mp4,normal-change,HISTCMP_CHISQR,GRAY,1,0.5454545454545454,0.5454545454545454,0.5454545454545454,6,5,5,34,0.0009594577357874986
normal-change\normal-change.mp4,normal-change,HISTCMP_CHISQR,GRAY,3,0.3888888888888889,0.6363636363636364,0.4827586206896552,7,11,4,28,0.000539813989596912
normal-change\normal-change.mp4,normal-change,HISTCMP_CHISQR,GRAY,5,1.0,0.36363636363636365,0.5333333333333333,4,0,7,39,0.0005516894897711713
normal-change\normal-change.mp4,normal-change,HISTCMP_CHISQR,HSV,1,0.2631578947368421,0.9090909090909091,0.40816326530612246,10,28,1,11,0.0007225265424903927
normal-change\normal-change.mp4,normal-change,HISTCMP_CHISQR,HSV,3,0.34782608695652173,0.7272727272727273,0.47058823529411764,8,15,3,24,0.0007225265424903927
normal-change\normal-change.mp4,normal-change,HISTCMP_CHISQR,HSV,5,0.7272727272727273,0.7272727272727273,0.7272727272727273,8,3,3,36,0.0007225265424903927
normal-change\normal-change.mp4,normal-change,HISTCMP_CHISQR,RGB,1,0.2727272727272727,0.8181818181818182,0.4090909090909091,9,24,2,15,0.0009064387659578262
normal-change\normal-change.mp4,normal-change,HISTCMP_CHISQR,RGB,3,0.3055555555555556,1.0,0.46808510638297873,11,25,0,14,0.0006385553974072682
normal-change\normal-change.mp4,normal-change,HISTCMP_CHISQR,RGB,5,0.3793103448275862,1.0,0.55,11,18,0,21,0.0006385553974072682
normal-change\normal-change.mp4,normal-change,HISTCMP_BHATTACHARYYA,GRAY,1,0.47058823529411764,0.7272727272727273,0.5714285714285714,8,9,3,30,0.010394761598871762
normal-change\normal-change.mp4,normal-change,HISTCMP_BHATTACHARYYA,GRAY,3,0.8571428571428571,0.5454545454545454,0.6666666666666666,6,1,5,38,0.010394761598871762
normal-change\normal-change.mp4,normal-change,HISTCMP_BHATTACHARYYA,GRAY,5,0.875,0.6363636363636364,0.7368421052631579,7,1,4,38,0.008987375998754415
normal-change\normal-change.mp4,normal-change,HISTCMP_BHATTACHARYYA,HSV,1,0.2857142857142857,0.7272727272727273,0.41025641025641024,8,20,3,19,0.00996172066277139
normal-change\normal-change.mp4,normal-change,HISTCMP_BHATTACHARYYA,HSV,3,0.5,0.36363636363636365,0.42105263157894735,4,4,7,35,0.00996172066277139
normal-change\normal-change.mp4,normal-change,HISTCMP_BHATTACHARYYA,HSV,5,0.4117647058823529,0.6363636363636364,0.5,7,10,4,29,0.008696777180439515
normal-change\normal-change.mp4,normal-change,HISTCMP_BHATTACHARYYA,RGB,1,0.38095238095238093,0.7272727272727273,0.5,8,13,3,26,0.006618580419510771
normal-change\normal-change.mp4,normal-change,HISTCMP_BHATTACHARYYA,RGB,3,0.5,0.36363636363636365,0.42105263157894735,4,4,7,35,0.006618580419510771
normal-change\normal-change.mp4,normal-change,HISTCMP_BHATTACHARYYA,RGB,5,0.3225806451612903,0.9090909090909091,0.47619047619047616,10,21,1,18,0.005375899860510948
normal-change\normal-change.mp4,normal-change,HISTCMP_INTERSECT,GRAY,1,0.6153846153846154,0.7272727272727273,0.6666666666666666,8,5,3,34,-0.7461170963870245
normal-change\normal-change.mp4,normal-change,HISTCMP_INTERSECT,GRAY,3,0.875,0.6363636363636364,0.7368421052631579,7,1,4,38,-0.7461170963870245
normal-change\normal-change.mp4,normal-change,HISTCMP_INTERSECT,GRAY,5,0.8333333333333334,0.9090909090909091,0.8695652173913043,10,2,1,37,-0.7476657243314548
normal-change\normal-change.mp4,normal-change,HISTCMP_INTERSECT,HSV,1,0.8333333333333334,0.45454545454545453,0.5882352941176471,5,1,6,38,-0.6122781113826932
normal-change\normal-change.mp4,normal-change,HISTCMP_INTERSECT,HSV,3,0.8,0.36363636363636365,0.5,4,1,7,38,-0.6326003571502952
normal-change\normal-change.mp4,normal-change,HISTCMP_INTERSECT,HSV,5,0.2391304347826087,1.0,0.38596491228070173,11,35,0,4,-0.6858957015992928
normal-change\normal-change.mp4,normal-change,HISTCMP_INTERSECT,RGB,1,0.8333333333333334,0.45454545454545453,0.5882352941176471,5,1,6,38,-3.9060618033163337
normal-change\normal-change.mp4,normal-change,HISTCMP_INTERSECT,RGB,3,0.8,0.36363636363636365,0.5,4,1,7,38,-3.999125664948224
normal-change\normal-change.mp4,normal-change,HISTCMP_INTERSECT,RGB,5,0.29411764705882354,0.9090909090909091,0.4444444444444444,10,24,1,15,-4.016541276669159
rolling-shutter\rolling-shutter.mp4,rolling-shutter,HISTCMP_CORREL,GRAY,1,0.42857142857142855,0.5454545454545454,0.48,6,8,5,31,0.0005538422139066412
rolling-shutter\rolling-shutter.mp4,rolling-shutter,HISTCMP_CORREL,GRAY,3,0.5,0.6363636363636364,0.56,7,7,4,32,0.00010143448866417604
rolling-shutter\rolling-shutter.mp4,rolling-shutter,HISTCMP_CORREL,GRAY,5,0.7142857142857143,0.45454545454545453,0.5555555555555556,5,2,6,37,0.00010143448866417604
rolling-shutter\rolling-shutter.mp4,rolling-shutter,HISTCMP_CORREL,HSV,1,0.23404255319148937,1.0,0.3793103448275862,11,36,0,3,7.716912000377274e-05
rolling-shutter\rolling-shutter.mp4,rolling-shutter,HISTCMP_CORREL,HSV,3,0.35,0.6363636363636364,0.45161290322580644,7,13,4,26,0.0002367865585600759
rolling-shutter\rolling-shutter.mp4,rolling-shutter,HISTCMP_CORREL,HSV,5,0.5555555555555556,0.45454545454545453,0.5,5,4,6,35,0.0002367865585600759
rolling-shutter\rolling-shutter.mp4,rolling-shutter,HISTCMP_CORREL,RGB,1,0.24390243902439024,0.9090909090909091,0.38461538461538464,10,31,1,8,0.00013121255325265757
rolling-shutter\rolling-shutter.mp4,rolling-shutter,HISTCMP_CORREL,RGB,3,0.23404255319148937,1.0,0.3793103448275862,11,36,0,3,2.5307712521849268e-05
rolling-shutter\rolling-shutter.mp4,rolling-shutter,HISTCMP_CORREL,RGB,5,0.24444444444444444,1.0,0.39285714285714285,11,34,0,5,2.5307712521849268e-05
rolling-shutter\rolling-shutter.mp4,rolling-shutter,HISTCMP_CHISQR,GRAY,1,0.32,0.7272727272727273,0.4444444444444444,8,17,3,22,0.041475378625050796
rolling-shutter\rolling-shutter.mp4,rolling-shutter,HISTCMP_CHISQR,GRAY,3,0.625,0.9090909090909091,0.7407407407407407,10,6,1,33,0.010019606096556714
rolling-shutter\rolling-shutter.mp4,rolling-shutter,HISTCMP_CHISQR,GRAY,5,1.0,0.8181818181818182,0.9,9,0,2,39,0.010019606096556714
rolling-shutter\rolling-shutter.mp4,rolling-shutter,HISTCMP_CHISQR,HSV,1,0.22448979591836735,1.0,0.36666666666666664,11,38,0,1,0.018117252593477393
rolling-shutter\rolling-shutter.mp4,rolling-shutter,HISTCMP_CHISQR,HSV,3,0.23404255319148937,1.0,0.3793103448275862,11,36,0,3,0.018117252593477393
rolling-shutter\rolling-shutter.mp4,rolling-shutter,HISTCMP_CHISQR,HSV,5,0.24444444444444444,1.0,0.39285714285714285,11,34,0,5,0.018117252593477393
rolling-shutter\rolling-shutter.mp4,rolling-shutter,HISTCMP_CHISQR,RGB,1,0.22916666666666666,1.0,0.3728813559322034,11,37,0,2,0.019016037001242186
rolling-shutter\rolling-shutter.mp4,rolling-shutter,HISTCMP_CHISQR,RGB,3,0.25,1.0,0.4,11,33,0,6,0.019016037001242186
rolling-shutter\rolling-shutter.mp4,rolling-shutter,HISTCMP_CHISQR,RGB,5,0.275,1.0,0.43137254901960786,11,29,0,10,0.019016037001242186
rolling-shutter\rolling-shutter.mp4,rolling-shutter,HISTCMP_BHATTACHARYYA,GRAY,1,0.5714285714285714,0.36363636363636365,0.4444444444444444,4,3,7,36,0.08975821162156278
rolling-shutter\rolling-shutter.mp4,rolling-shutter,HISTCMP_BHATTACHARYYA,GRAY,3,0.6363636363636364,0.6363636363636364,0.6363636363636364,7,4,4,35,0.030868669497792014
rolling-shutter\rolling-shutter.mp4,rolling-shutter,HISTCMP_BHATTACHARYYA,GRAY,5,0.6923076923076923,0.8181818181818182,0.75,9,4,2,35,0.02550303922645241
rolling-shutter\rolling-shutter.mp4,rolling-shutter,HISTCMP_BHATTACHARYYA,HSV,1,0.23684210526315788,0.8181818181818182,0.3673469387755102,9,29,2,10,0.06814464245187607
rolling-shutter\rolling-shutter.mp4,rolling-shutter,HISTCMP_BHATTACHARYYA,HSV,3,0.23404255319148937,1.0,0.3793103448275862,11,36,0,3,0.041854674378324706
rolling-shutter\rolling-shutter.mp4,rolling-shutter,HISTCMP_BHATTACHARYYA,HSV,5,0.3333333333333333,0.6363636363636364,0.4375,7,14,4,25,0.06002088832878677
rolling-shutter\rolling-shutter.mp4,rolling-shutter,HISTCMP_BHATTACHARYYA,RGB,1,0.22916666666666666,1.0,0.3728813559322034,11,37,0,2,0.02248379935436407
rolling-shutter\rolling-shutter.mp4,rolling-shutter,HISTCMP_BHATTACHARYYA,RGB,3,0.25,1.0,0.4,11,33,0,6,0.02248379935436407
rolling-shutter\rolling-shutter.mp4,rolling-shutter,HISTCMP_BHATTACHARYYA,RGB,5,0.275,1.0,0.43137254901960786,11,29,0,10,0.02248379935436407
rolling-shutter\rolling-shutter.mp4,rolling-shutter,HISTCMP_INTERSECT,GRAY,1,0.23404255319148937,1.0,0.3793103448275862,11,36,0,3,-0.7650976334662118
rolling-shutter\rolling-shutter.mp4,rolling-shutter,HISTCMP_INTERSECT,GRAY,3,0.2558139534883721,1.0,0.4074074074074074,11,32,0,7,-0.7650976334662118
rolling-shutter\rolling-shutter.mp4,rolling-shutter,HISTCMP_INTERSECT,GRAY,5,0.275,1.0,0.43137254901960786,11,29,0,10,-0.7650976334662118
rolling-shutter\rolling-shutter.mp4,rolling-shutter,HISTCMP_INTERSECT,HSV,1,0.22916666666666666,1.0,0.3728813559322034,11,37,0,2,-0.8337230253073358
rolling-shutter\rolling-shutter.mp4,rolling-shutter,HISTCMP_INTERSECT,HSV,3,0.2558139534883721,1.0,0.4074074074074074,11,32,0,7,-0.8337230253073358
rolling-shutter\rolling-shutter.mp4,rolling-shutter,HISTCMP_INTERSECT,HSV,5,0.28205128205128205,1.0,0.44,11,28,0,11,-0.8337230253073358
rolling-shutter\rolling-shutter.mp4,rolling-shutter,HISTCMP_INTERSECT,RGB,1,0.23255813953488372,0.9090909090909091,0.37037037037037035,10,33,1,6,-3.949334318691399
rolling-shutter\rolling-shutter.mp4,rolling-shutter,HISTCMP_INTERSECT,RGB,3,0.2391304347826087,1.0,0.38596491228070173,11,35,0,4,-3.9824198256173986
rolling-shutter\rolling-shutter.mp4,rolling-shutter,HISTCMP_INTERSECT,RGB,5,0.25,1.0,0.4,11,33,0,6,-3.9824198256173986
